"Epic","Feature","Story","FAILED","BROKEN","PASSED","SKIPPED","UNKNOWN"
"","parametrize 测试","登录功能","0","0","9","0","0"
"","link 测试","","0","0","4","0","0"
"","severity 测试","","0","0","10","0","0"
"epic 相当于总体描述","查找模块","story four","0","0","1","0","0"
"","title 测试","","0","0","5","0","0"
"","description 测试","","0","0","3","0","0"
"","epic 测试","","0","0","1","0","0"
"","一级模块","二级模块一","0","0","1","0","0"
"epic 相当于总体描述","测试模块","story two","0","0","1","0","0"
"epic 相当于总体描述","查找模块","story three","0","0","1","0","0"
"","epic 测试","story_1","0","0","1","0","0"
"","一级模块","二级模块二","0","0","1","0","0"
"","step 测试","","0","0","1","0","0"
"","epic 测试","story_2","0","0","2","0","0"
"","feature_2","story_2","0","0","1","0","0"
"epic 相当于总体描述","测试模块","story one","0","0","1","0","0"
"epic_1","epic 测试","","0","0","1","0","0"
